CVE-2020-5756;GWN7000;<=1.0.9.4
CVE-2020-5756;TP-Link;<=1.0.9.4
CVE-2019-10657;GWN7000;<1.0.6.32
CVE-2019-10656;GWN7000;<1.0.6.32
CVE-2019-10658;GWN7610;<1.0.8.18
CVE-2016-1518;UCM6510;<1.0.1.26
CVE-2016-1519;UCM6510;<1.0.1.26
CVE-2016-1520;UCM6510;<1.0.1.26
CVE-2020-5757;UCM6200;<=1.0.20.23
CVE-2020-5758;UCM6200;<=1.0.20.23
CVE-2020-5758;TP-Link;<=1.0.20.23
CVE-2020-5759;UCM6200;<=1.0.20.23
CVE-2020-5723;UCM6200;<=1.0.20.22
CVE-2021-37915;HT801;<1.0.29.8
CVE-2020-5763;"HT801HT802HT812HT813HT814HT818";<=1.0.17.5
CVE-2020-5760;"HT801HT802HT812HT813HT814HT818";<=1.0.17.5
CVE-2020-5761;"HT801HT802HT812HT813HT814HT818";<=1.0.17.5
CVE-2020-5762;"HT801HT802HT812HT813HT814HT818";<=1.0.17.5
CVE-2020-25218;GRP261;1.0.3.6
CVE-2020-25217;GRP261;1.0.3.6
CVE-2020-5739;"GXP1610GXP1615GXP1620GXP1625GXP1628GXP1630";1.0.4.152
CVE-2020-5738;"GXP1610GXP1615GXP1620GXP1625GXP1628GXP1630";1.0.4.152
CVE-2018-17565;"GXP1610GXP1615GXP1620GXP1625GXP1628GXP1630";1.0.4.128
CVE-2018-17564;"GXP1610GXP1615GXP1620GXP1625GXP1628GXP1630";1.0.4.128
CVE-2018-17563;"GXP1610GXP1615GXP1620GXP1625GXP1628GXP1630";1.0.4.128
CVE-2019-10659;WP820;1.0.3.6
CVE-2019-10655;GVC3202;1.0.3.51
CVE-2019-10655;GAC2500;1.0.3.35
CVE-2019-10659;GXV3370;<1.0.1.41
CVE-2015-2866;GXV3611;<1.0.3.9
CVE-2019-10663;UCM6204;<1.0.19.20
CVE-2020-5738;GXP1600,GXP1610;<=1.0.4.152